movie_name,vote
Once Upon a Time... in Hollywood,3
Focus,3
Thunderbolts*: *The New Avengers,28
Puss in Boots: The Last Wish,3
Ant-Man and the Wasp: Quantumania,3
Guardians of the Galaxy Vol. 3,3
The Godfather: Part III,3
Gone Girl,3
البحث عن منفذ لخروج السيد رامبو,3
Se7en,3
اكس مراتي,29
Nobody 2,29
The Dark Knight Rises,3
John Wick: Chapter 4,3
Prisoners,3
Joker,3
Doodlebug,29
進撃の巨人 - 悔いなき選択 前編,3
Don't Look Up,3
दिलवाले,3
Nightcrawler,29
Shutter Island,3
The Day After Tomorrow,29
Forrest Gump,3
Inside Out 2,3
Now You See Me: Now You Don't,3
Deadpool,3
The Fantastic Four: First Steps,29
Lucy,3
The Sixth Sense,29
Ghosted,29
فول الصين العظيم,29
Captain America: The First Avenger,3
Cast Away,3
American History X,3
A Beautiful Mind,3
Shang-Chi and the Legend of the Ten Rings,3
Sinners,3
Ballerina,29
Now You See Me,3
John Wick,3
Her,3
Man of Steel,3
The Usual Suspects,3
Alrayes Omar Harb,3
The Marvels,3
John Wick: Chapter 2,3
Batman Begins,3
Dark Phoenix,29
Mohabbatein,3
ये जवानी है दीवानी,3
Inception,3
The Amazing Spider-Man 2,3
The Wolf of Wall Street,3
Dune: Part One,3
The Punisher: One Last Kill,3
Knock Knock,27
Interstellar,3
Luck,29
Tenet,3
The Prestige,3
Love & Other Drugs,29
That's My Boy,3
Catch Me If You Can,3
Fight Club,3
Pulp Fiction,3
Dune: Part Two,3
The Green Mile,3
Black Panther: Wakanda Forever,3
The Godfather: Part II,3
American Psycho,3
The Imitation Game,3
Birdman or (The Unexpected Virtue of Ignorance),3
The Terminal,3
Lost in Translation,29
Deep Water,29
The Guardians of the Galaxy Holiday Special,3
Jojo Rabbit,29
John Wick: Chapter 3 - Parabellum,3
क्‍वीन,3
Captain America: Brave New World,29
You Should Have Left,27
Speed,29
Logan,3
बजरंगी भाईजान,3
The Social Network,3
Thor: Love and Thunder,3
Joker: Folie à Deux,29
Puss in Boots,3
X-Men: The Last Stand,3
The Godfather,3
