type,movie_name,runtime,release_date,rewatch_count,watch_count
follow,,10320,2013-12-20 00:00:00,,
follow,F1,9360,2025-06-27 00:00:00,,
follow,Encanto,6180,2021-11-26 00:00:00,,
follow,Finding Dory,5820,2016-06-17 00:00:00,,
follow,The Batman,10560,2022-03-02 00:00:00,,
follow,Barbie,6840,2023-07-19 00:00:00,,
follow,Schindler's List,11700,1994-02-04 00:00:00,,
follow,"進撃の巨人 - Wall Sina, Goodbye 前編",1500,2017-12-08 00:00:00,,
follow,Tangled Ever After,420,2012-01-13 00:00:00,,
follow,Tinker Bell and the Great Fairy Rescue,4560,2010-08-13 00:00:00,,
follow,Flushed Away,5100,2006-10-22 00:00:00,,
follow,The Social Network,7260,2010-10-15 00:00:00,,
follow,The Hunger Games: Mockingjay - Part 1,7380,2014-11-20 00:00:00,,
follow,Beauty and the Beast: The Enchanted Christmas,4320,1997-11-11 00:00:00,,
follow,Morgan Ahmed Morgan,6900,2007-07-04 00:00:00,,
follow,Smurfs: The Lost Village,5340,2017-04-05 00:00:00,,
follow,The Gentlemen,6780,2020-02-05 00:00:00,,
follow,Titanic,11640,1998-01-23 00:00:00,,
follow,Thor: Love and Thunder,7080,2022-07-08 00:00:00,,
follow,Fast & Furious,6420,2009-04-03 00:00:00,,
follow,Aladdin,7740,2019-05-22 00:00:00,,
follow,Toy Story 2,5520,2000-02-04 00:00:00,,
follow,Avengers: Endgame,10860,2019-04-25 00:00:00,,
follow,Charlie and the Chocolate Factory,6900,2005-07-29 00:00:00,,
follow,Materialists,6960,2025-06-13 00:00:00,,
follow,The Angry Birds Movie 2,5820,2019-08-02 00:00:00,,
follow,Hercules,5580,1997-06-20 00:00:00,,
follow,僕のヒーローアカデミア THE MOVIE ワールドヒーローズミッション,6300,2022-01-06 00:00:00,,
follow,Harry Potter and the Half-Blood Prince,9180,2009-07-07 00:00:00,,
follow,The Lion King 1½,4620,2004-02-06 00:00:00,,
follow,Incendies,7500,2010-09-04 00:00:00,,
follow,Bolt,5880,2009-02-04 00:00:00,,
follow,The Sixth Sense,6420,1999-08-06 00:00:00,,
follow,Despicable Me 2,5880,2013-06-25 00:00:00,,
follow,Jojo Rabbit,6480,2019-11-08 00:00:00,,
follow,Me Before You,6600,2016-06-02 00:00:00,,
follow,Ferrari,7860,2023-12-25 00:00:00,,
follow,Black Panther: Wakanda Forever,9660,2022-11-11 00:00:00,,
follow,Brother Bear,5100,2004-01-28 00:00:00,,
follow,The Matrix Resurrections,8880,2021-12-22 00:00:00,,
follow,Captain Marvel,7440,2019-03-08 00:00:00,,
follow,Edward Scissorhands,6300,1991-04-25 00:00:00,,
follow,Spider-Man: Into the Spider-Verse,7020,2018-12-21 00:00:00,,
follow,The Avengers,8580,2012-04-26 00:00:00,,
follow,Joker: Folie à Deux,8880,2024-10-04 00:00:00,,
follow,Jumanji: Level One,900,2021-01-20 00:00:00,,
follow,Enola Holmes 2,7860,2022-11-04 00:00:00,,
follow,Fan,8280,2016-04-15 00:00:00,,
follow,Ramadan Mabrouk Abu El Alamain Hamoda,6300,2008-12-04 00:00:00,,
follow,Shrek Forever After,5700,2010-06-30 00:00:00,,
follow,Kung Fu Panda 2,5460,2011-08-24 00:00:00,,
follow,Madagascar: Escape 2 Africa,5400,2008-12-05 00:00:00,,
follow,The Ice Age Adventures of Buck Wild,4920,2022-01-28 00:00:00,,
follow,Harry Potter and the Philosopher's Stone,9120,2001-11-04 00:00:00,,
follow,Toy Story 4,6000,2019-06-21 00:00:00,,
follow,Shingeki no Kyojin OVA 2 - Totsuzen no Raihousha―Sainamareru Seishun no Noroi―,1380,2014-04-09 00:00:00,,
follow,Ratatouille,6660,2007-10-12 00:00:00,,
follow,Lilo & Stitch 2: Stitch has a Glitch,4080,2005-01-22 00:00:00,,
follow,The Amazing Spider-Man 2,8520,2014-04-17 00:00:00,,
follow,क्‍वीन,8400,2014-03-07 00:00:00,,
follow,Ralph Breaks the Internet,6720,2018-11-22 00:00:00,,
follow,The Incredible Hulk,6720,2008-06-20 00:00:00,,
follow,रा.वन,9360,2011-10-24 00:00:00,,
follow,You Should Have Left,5580,2020-06-19 00:00:00,,
follow,Puss in Boots: The Last Wish,6180,2022-12-22 00:00:00,,
follow,فول الصين العظيم,6300,2004-08-08 00:00:00,,
follow,Apollo 13,8400,1995-06-30 00:00:00,,
follow,Doctor Strange in the Multiverse of Madness,7620,2022-05-05 00:00:00,,
follow,Cloudy with a Chance of Meatballs 2,5700,2013-09-26 00:00:00,,
follow,Lady and the Tramp II: Scamp's Adventure,4140,2001-02-18 00:00:00,,
follow,Ghosted,7020,2023-04-21 00:00:00,,
follow,Iron Man,7560,2008-05-02 00:00:00,,
follow,Penguins of Madagascar,5520,2014-11-28 00:00:00,,
follow,Bodyguard,7800,2011-08-31 00:00:00,,
follow,Deep Water,7200,2022-03-18 00:00:00,,
follow,Fast Five,7800,2011-04-29 00:00:00,,
follow,Inception,8880,2010-07-16 00:00:00,,
follow,A Beautiful Mind,8100,2001-12-21 00:00:00,,
follow,The Wolf of Wall Street,10800,2014-01-09 00:00:00,,
follow,Iron Man 3,7800,2013-04-26 00:00:00,,
follow,Jurassic World Dominion,8820,2022-06-08 00:00:00,,
follow,Pirates of the Caribbean: The Curse of the Black Pearl,8580,2003-09-05 00:00:00,,
follow,حملة فريزر,7380,2016-09-10 00:00:00,,
follow,Tom and Jerry,6060,2021-05-06 00:00:00,,
follow,How to Train Your Dragon,6000,2010-03-26 00:00:00,,
follow,The New Mutants,5640,2020-08-28 00:00:00,,
follow,Happy Feet,6480,2006-11-16 00:00:00,,
follow,Gone Girl,8880,2014-10-08 00:00:00,,
follow,Alrayes Omar Harb,,2008-07-08 00:00:00,,
follow,Ballerina,7500,2025-06-06 00:00:00,,
follow,Monsters University,6240,2013-07-06 00:00:00,,
follow,Pirates of the Caribbean: Dead Men Tell No Tales,7740,2017-05-24 00:00:00,,
follow,خالتي فرنسا,6060,2004-06-23 00:00:00,,
follow,Shingeki no Kyojin OVA 3 - Konnan,1380,2014-08-08 00:00:00,,
follow,進撃の巨人 〜クロニクル〜,7320,2020-12-07 00:00:00,,
follow,همام في أمستردام,7800,1999-10-30 00:00:00,,
follow,Ben 10/Generator Rex: Heroes United,2760,2011-11-25 00:00:00,,
follow,The Gorge,7680,2025-02-14 00:00:00,,
follow,Tinker Bell and the Lost Treasure,4860,2009-09-03 00:00:00,,
follow,Ibn el-Qunsul,7140,2010-11-12 00:00:00,,
follow,X-Men: Apocalypse,8640,2016-05-18 00:00:00,,
follow,Rush Hour,5880,1998-09-18 00:00:00,,
follow,Bridge to Terabithia,5700,2007-03-16 00:00:00,,
follow,Kung Fu Panda,5700,2008-08-29 00:00:00,,
follow,Tinker Bell and the Legend of the NeverBeast,4620,2014-12-12 00:00:00,,
follow,"Il buono, il brutto, il cattivo",10740,1967-12-29 00:00:00,,
follow,(500) Days of Summer,5700,2009-09-30 00:00:00,,
follow,John Wick: Chapter 2,7320,2017-02-17 00:00:00,,
follow,Harry Potter and the Deathly Hallows: Part 2,7800,2011-07-07 00:00:00,,
follow,कृष ३,9120,2013-11-01 00:00:00,,
follow,American Psycho,6120,2000-04-13 00:00:00,,
follow,آخر ديك في مصر,6600,2017-01-25 00:00:00,,
follow,Ice Age: Dawn of the Dinosaurs,5640,2009-07-03 00:00:00,,
follow,Spider-Man: Across the Spider-Verse,8400,2023-06-02 00:00:00,,
follow,Men in Black 3,8100,2012-05-25 00:00:00,,
follow,Deadpool,6480,2016-02-10 00:00:00,,
follow,H Dabbour,6360,2008-08-01 00:00:00,,
follow,Night at the Museum: Battle of the Smithsonian,6300,2009-05-22 00:00:00,,
follow,Zootopia,6480,2016-02-17 00:00:00,,
follow,WALL·E,5880,2008-06-27 00:00:00,,
follow,السفاره في العماره,6360,2005-07-19 00:00:00,,
follow,أسد وأربع قطط,6420,2007-10-10 00:00:00,,
follow,The Insider,12600,1999-10-28 00:00:00,,
follow,Captain America: The Winter Soldier,8160,2014-03-28 00:00:00,,
follow,Finding Nemo,6000,2003-10-10 00:00:00,,
follow,Spirit: Stallion of the Cimarron,4980,2002-05-24 00:00:00,,
follow,Eternals,9360,2021-11-05 00:00:00,,
follow,The Substance,8280,2024-09-20 00:00:00,,
follow,Wonder Woman,8460,2017-06-02 00:00:00,,
follow,Focus,6300,2015-03-27 00:00:00,,
follow,Spider-Man 3,11700,2007-05-04 00:00:00,,
follow,The Wolverine,7620,2013-07-26 00:00:00,,
follow,Baywatch,6960,2017-06-16 00:00:00,,
follow,Hotel Transylvania 3: Summer Vacation,5820,2018-07-13 00:00:00,,
follow,أحلام الفتى الطايش,5160,2007-06-20 00:00:00,,
follow,Cars,7020,2006-06-14 00:00:00,,
follow,Insomnia,7080,2002-11-30 00:00:00,,
follow,Beauty and the Beast,5220,1991-11-13 00:00:00,,
follow,How to Train Your Dragon: Homecoming,1320,2019-12-03 00:00:00,,
follow,Big Hero 6,6120,2014-12-25 00:00:00,,
follow,Cars 3,6540,2017-07-14 00:00:00,,
follow,Batman v Superman: Dawn of Justice,9060,2016-03-23 00:00:00,,
follow,Zack Snyder's Justice League,14520,2021-03-18 00:00:00,,
follow,ظرف طارق,6540,2006-01-04 00:00:00,,
follow,Night at the Museum,6480,2007-01-26 00:00:00,,
follow,Thor,6900,2011-04-29 00:00:00,,
follow,The Emperor's New Groove,4680,2000-12-09 00:00:00,,
follow,To Go Out,,2016-09-08 00:00:00,,
follow,The Prestige,7800,2006-10-20 00:00:00,,
follow,Boshkash,7200,2008-08-01 00:00:00,,
follow,Guardians of the Galaxy Vol. 3,9000,2023-05-04 00:00:00,,
follow,The Pirate Fairy,4680,2014-02-13 00:00:00,,
follow,Nobody,5520,2021-07-01 00:00:00,,
follow,進撃の巨人 - 悔いなき選択 前編,1620,2014-12-09 00:00:00,,
follow,Hotel Transylvania: Transformania,5280,2022-01-14 00:00:00,,
follow,Don't Look Up,9600,2021-12-24 00:00:00,,
follow,Kill Bill: Vol. 2,8220,2004-07-23 00:00:00,,
follow,Despicable Me 3,5760,2017-06-30 00:00:00,,
follow,माइ नेम इज़ ख़ान,9900,2010-02-10 00:00:00,,
follow,Nightcrawler,7080,2014-11-26 00:00:00,,
follow,Tenet,9000,2020-08-26 00:00:00,,
follow,Avengers: Age of Ultron,8460,2015-04-23 00:00:00,,
follow,Dead Poets Society,7800,1989-09-28 00:00:00,,
follow,Fast X,8460,2023-05-19 00:00:00,,
follow,John Wick,6060,2015-01-22 00:00:00,,
follow,Taxi Driver,6840,1976-08-27 00:00:00,,
follow,Lilo & Stitch,5100,2002-07-05 00:00:00,,
follow,The Lion King,5280,1994-10-05 00:00:00,,
follow,فيلم ثقافي,7500,2000-10-04 00:00:00,,
follow,Road to Perdition,7020,2002-07-12 00:00:00,,
follow,Surf's Up,5100,2007-06-08 00:00:00,,
follow,Aquaman,8580,2018-12-12 00:00:00,,
follow,طباخ الريس,6840,2008-01-23 00:00:00,,
follow,How to Train Your Dragon: The Hidden World,6240,2019-02-01 00:00:00,,
follow,Prisoners,9180,2013-09-20 00:00:00,,
follow,101 Dalmatians II: Patch's London Adventure,4200,2003-01-21 00:00:00,,
follow,Shrek 2,5580,2004-05-21 00:00:00,,
follow,"Monsters, Inc.",5520,2002-01-31 00:00:00,,
follow,مراتي وزوجتي,6000,2014-04-20 00:00:00,,
follow,Toy Story That Time Forgot,1320,2014-12-02 00:00:00,,
follow,Now You See Me 2,7740,2016-07-22 00:00:00,,
follow,The Green Mile,11340,2000-03-10 00:00:00,,
follow,Mission: Impossible III,7560,2006-07-20 00:00:00,,
follow,Bee Movie,5520,2007-10-28 00:00:00,,
follow,The Story Room: The Making of 'Lilo & Stitch',7560,2005-08-22 00:00:00,,
follow,Venom: Let There Be Carnage,5820,2021-10-15 00:00:00,,
follow,X-Men: The Last Stand,6240,2006-05-26 00:00:00,,
follow,Pirates of the Caribbean: On Stranger Tides,8220,2011-05-18 00:00:00,,
follow,A Bug's Life,5700,1998-11-20 00:00:00,,
follow,حسن ومرقص,6600,2008-07-03 00:00:00,,
follow,Miss Mommy,,2012-10-24 00:00:00,,
follow,Ice Age: Collision Course,5640,2016-07-13 00:00:00,,
follow,El Camino: A Breaking Bad Movie,7320,2019-10-11 00:00:00,,
follow,Bang Bang!,9180,2014-10-02 00:00:00,,
follow,نادي الرجال السري,6300,2019-01-22 00:00:00,,
follow,Kill Bill: Vol. 1,6660,2004-03-05 00:00:00,,
follow,El Basha Telmiz,6600,2004-01-27 00:00:00,,
follow,Jumanji: Welcome to the Jungle,7140,2017-12-20 00:00:00,,
follow,Made in Egypt,6120,2014-07-28 00:00:00,,
follow,طير انت,,2009-07-15 00:00:00,,
follow,Venom: The Last Dance,6540,2024-10-25 00:00:00,,
follow,Dark Shadows,7200,2012-05-09 00:00:00,,
follow,Maleficent: Mistress of Evil,7080,2019-10-18 00:00:00,,
follow,Harry Potter and the Chamber of Secrets,9660,2002-11-03 00:00:00,,
follow,Ice Age: A Mammoth Christmas,1560,2011-11-24 00:00:00,,
follow,Scarface,10200,1984-04-20 00:00:00,,
follow,Turbo,5760,2013-07-18 00:00:00,,
follow,Robin Hood,6960,2018-12-05 00:00:00,,
follow,Planes,5460,2013-08-09 00:00:00,,
follow,Black Widow,8040,2021-07-07 00:00:00,,
follow,Pirates of the Caribbean: At World's End,10140,2007-05-23 00:00:00,,
follow,Anastasia,5640,1998-03-09 00:00:00,,
follow,The Hunger Games,8520,2012-03-23 00:00:00,,
follow,Nobody 2,5400,2025-08-14 00:00:00,,
follow,X-Men: First Class,7920,2011-06-08 00:00:00,,
follow,Man of Steel,8580,2013-06-14 00:00:00,,
follow,Golda,6000,2023-10-06 00:00:00,,
follow,Shutter Island,8220,2010-02-13 00:00:00,,
follow,The Angry Birds Movie,5820,2016-05-13 00:00:00,,
follow,Now You See Me: Now You Don't,,2025-11-14 00:00:00,,
follow,The DUFF,6000,2015-02-20 00:00:00,,
follow,Spider-Man 2,7620,2004-07-14 00:00:00,,
follow,Project Hail Mary,9420,2026-03-20 00:00:00,,
follow,劇場版 HUNTER×HUNTER 緋色の幻影（ファントム・ルージュ）,5820,2013-01-12 00:00:00,,
follow,Brave,5580,2012-08-10 00:00:00,,
follow,Luck,6300,2022-08-05 00:00:00,,
follow,Le Fabuleux destin d'Amélie Poulain,7320,2001-09-07 00:00:00,,
follow,Contagion,6360,2011-11-09 00:00:00,,
follow,Knock Knock,5940,2015-09-23 00:00:00,,
follow,لف ودوران,5400,2016-09-11 00:00:00,,
follow,Napoleon,12300,2023-11-22 00:00:00,,
follow,Shingeki no Kyojin OVA 1 - Ilse no Techou―Aru Chousa Heidan-in no Shuki―,1380,2013-12-09 00:00:00,,
follow,Her,7560,2014-03-13 00:00:00,,
follow,21 Jump Street,6540,2012-03-16 00:00:00,,
follow,The Karate Kid,8400,2010-08-18 00:00:00,,
follow,بنك الحظ,7020,2017-04-05 00:00:00,,
follow,Rush,7380,2013-09-20 00:00:00,,
follow,Intouchables,6780,2012-05-25 00:00:00,,
follow,Ellembi 8 Gega,6660,2010-07-16 00:00:00,,
follow,Good Will Hunting,7620,1997-12-05 00:00:00,,
follow,Rise of the Guardians,5820,2012-11-30 00:00:00,,
follow,The Amazing Spider-Man,12120,2012-07-03 00:00:00,,
follow,Mulan II,4740,2004-11-03 00:00:00,,
follow,La La Land,7740,2016-12-09 00:00:00,,
follow,The Machinist,7800,2004-02-09 00:00:00,,
follow,Madagascar 3: Europe's Most Wanted,5580,2012-07-27 00:00:00,,
follow,Guardians of the Galaxy Vol. 2,8220,2017-04-19 00:00:00,,
follow,Suicide Squad,7380,2016-08-05 00:00:00,,
follow,Guardians of the Galaxy,7320,2014-07-21 00:00:00,,
follow,Alumbramiento,900,2009-03-08 00:00:00,,
follow,Jennifer's Body,6120,2009-09-18 00:00:00,,
follow,Dune: Part Two,9900,2024-02-28 00:00:00,,
follow,زكي شان,6540,2005-11-02 00:00:00,,
follow,Brothers,6300,2009-01-27 00:00:00,,
follow,The Punisher: One Last Kill,3000,2026-05-12 00:00:00,,
follow,Karkar,6420,2007-07-01 00:00:00,,
follow,The Matrix Revolutions,7740,2003-11-05 00:00:00,,
follow,Darkest Hour,7500,2017-12-23 00:00:00,,
follow,الناظر,7320,2000-07-26 00:00:00,,
follow,The Day After Tomorrow,7440,2004-05-28 00:00:00,,
follow,X-Men Origins: Wolverine,6420,2009-04-29 00:00:00,,
follow,X-Men,6240,2000-08-16 00:00:00,,
follow,1000 Mabrouk,6900,2009-06-26 00:00:00,,
follow,A Groom from a Security Agency,5400,2004-07-28 00:00:00,,
follow,Spider-Man: No Way Home,8880,2021-12-17 00:00:00,,
follow,غبي منه فيه,5400,2004-06-28 00:00:00,,
follow,Aladdin and the King of Thieves,4860,1996-08-13 00:00:00,,
follow,Ibraham Labyad,10500,2009-05-14 00:00:00,,
follow,كده رضا,6780,2007-08-01 00:00:00,,
follow,३ इडियट्स,10200,2009-12-24 00:00:00,,
follow,Up,5760,2009-09-04 00:00:00,,
follow,Joker,7320,2019-10-04 00:00:00,,
follow,Ice Age: The Meltdown,5460,2006-04-05 00:00:00,,
follow,The Devil's Advocate,8640,1997-10-17 00:00:00,,
follow,Harry Potter 20th Anniversary: Return to Hogwarts,6180,2022-01-01 00:00:00,,
follow,Jumanji: The Next Level,7380,2019-12-11 00:00:00,,
follow,العيال كبرت,14100,1979-07-08 00:00:00,,
follow,Ely Bali Balak,6720,2003-03-23 00:00:00,,
follow,There Will Be Blood,9480,2008-01-25 00:00:00,,
follow,البدلة,6000,2018-08-20 00:00:00,,
follow,Tinker Bell,4680,2008-10-27 00:00:00,,
follow,The Imitation Game,6840,2014-12-25 00:00:00,,
follow,Mission: Impossible II,7380,2002-11-28 00:00:00,,
follow,The Godfather: Part II,12240,1974-12-18 00:00:00,,
follow,Sinners,8220,2025-04-18 00:00:00,,
follow,The Terminal,7680,2004-06-17 00:00:00,,
follow,"Crazy, Stupid, Love.",7080,2011-10-07 00:00:00,,
follow,La vita è bella,7440,1998-10-23 00:00:00,,
follow,劇場版 進撃の巨人 後編 ～自由の翼～,7200,2015-06-27 00:00:00,,
follow,The Godfather: Part III,10200,1990-12-25 00:00:00,,
follow,Over the Hedge,4980,2006-05-17 00:00:00,,
follow,The Croods,6060,2013-03-20 00:00:00,,
follow,Jumanji,6240,1996-02-12 00:00:00,,
follow,سيكو سيكو,7200,2025-03-30 00:00:00,,
follow,The Croods: A New Age,5700,2021-01-29 00:00:00,,
follow,Maleficent,5820,2014-05-28 00:00:00,,
follow,Hotel Transylvania,5460,2012-10-28 00:00:00,,
follow,Marvel One-Shot: Agent Carter,900,2013-09-03 00:00:00,,
follow,جعلتني مجرمًا,6240,2006-07-26 00:00:00,,
follow,حرب كرموز,6840,2018-06-15 00:00:00,,
follow,The Lion King II: Simba's Pride,4860,1998-10-24 00:00:00,,
follow,Logan,8220,2017-03-01 00:00:00,,
follow,Harry Potter and the Order of the Phoenix,8280,2007-07-03 00:00:00,,
follow,Tarzan,5280,1999-06-18 00:00:00,,
follow,Justice League,7200,2017-11-17 00:00:00,,
follow,Mean Girls,6720,2024-01-17 00:00:00,,
follow,Pirates of the Caribbean: Dead Man's Chest,9060,2006-09-13 00:00:00,,
follow,Gladiator,9300,2000-05-05 00:00:00,,
follow,البحث عن منفذ لخروج السيد رامبو,6000,2025-01-01 00:00:00,,
follow,آسف على الازعاج,7200,2008-09-01 00:00:00,,
follow,The Mask,6060,1994-07-29 00:00:00,,
follow,Dune: Part One,9300,2021-10-22 00:00:00,,
follow,Mission: Impossible – Dead Reckoning Part One,9780,2023-07-14 00:00:00,,
follow,Nany Doodi,6360,2008-12-02 00:00:00,,
follow,Speed Bump,7200,2006-12-19 00:00:00,,
follow,Thor: The Dark World,6720,2013-11-08 00:00:00,,
follow,National Treasure,7860,2004-12-03 00:00:00,,
follow,Frozen,6120,2013-12-06 00:00:00,,
follow,Kung Fu Panda 4,,2024-03-21 00:00:00,,
follow,Pulp Fiction,9240,1994-10-14 00:00:00,,
follow,بوحه,6540,2005-07-05 00:00:00,,
follow,Deadpool 2,7140,2018-05-18 00:00:00,,
follow,اكس مراتي,6900,2024-07-24 00:00:00,,
follow,劇場版 HUNTER×HUNTER -The LAST MISSION-,5820,2022-12-10 00:00:00,,
follow,Marvel One-Shot: A Funny Thing Happened on the Way to Thor's Hammer,240,2011-10-25 00:00:00,,
follow,The Matrix Reloaded,8280,2003-05-23 00:00:00,,
follow,الفيل الأزرق,8820,2014-07-28 00:00:00,,
follow,Chicken Little,4860,2005-11-04 00:00:00,,
follow,Mad Max: Fury Road,7260,2015-05-15 00:00:00,,
follow,Lost in Translation,6120,2004-01-07 00:00:00,,
follow,Ice Age,4860,2002-06-26 00:00:00,,
follow,Catch Me If You Can,8460,2002-12-16 00:00:00,,
follow,Snow White and the Seven Dwarfs,4980,1937-12-21 00:00:00,,
follow,The Matrix,8160,1999-05-07 00:00:00,,
follow,Beauty and the Beast,8400,2017-03-17 00:00:00,,
follow,GoodFellas,8700,1990-09-19 00:00:00,,
follow,تيتة رهيبة,6240,2020-10-15 00:00:00,,
follow,Doctor Strange,6900,2016-11-04 00:00:00,,
follow,Blended,7020,2014-05-23 00:00:00,,
follow,El Talata Yeshtghalonha,7200,2010-06-03 00:00:00,,
follow,عندليب الدقي,6360,2008-02-21 00:00:00,,
follow,Pinocchio,5280,1940-02-23 00:00:00,,
follow,Oppenheimer,10860,2023-07-19 00:00:00,,
follow,Scent of a Woman,9420,1992-12-23 00:00:00,,
follow,Captain America: Brave New World,7080,2025-02-14 00:00:00,,
follow,12 Angry Men,5760,1957-04-10 00:00:00,,
follow,Dune: Part Three,,2026-12-18 00:00:00,,
follow,Mulan,5280,1998-06-19 00:00:00,,
follow,Fast & Furious Presents: Hobbs & Shaw,8220,2019-08-01 00:00:00,,
follow,Monsters vs Aliens,5640,2009-03-19 00:00:00,,
follow,Men in Black,5880,1997-07-01 00:00:00,,
follow,Moana,5760,2016-12-22 00:00:00,,
follow,الحرب العالمية الثالثة,6300,2014-07-28 00:00:00,,
follow,बजरंगी भाईजान,9780,2019-01-18 00:00:00,,
follow,Birdman or (The Unexpected Virtue of Ignorance),7200,2014-10-17 00:00:00,,
follow,Home Alone 3,6120,1997-12-19 00:00:00,,
follow,Black Panther,8040,2018-02-13 00:00:00,,
follow,The Boss Baby,5820,2017-03-30 00:00:00,,
follow,Saving Private Ryan,10140,1998-09-30 00:00:00,,
follow,Arrival,6960,2016-11-11 00:00:00,,
follow,Once Upon a Time... in Hollywood,9660,2019-07-26 00:00:00,,
follow,Madagascar,5160,2005-06-22 00:00:00,,
follow,Inglourious Basterds,9240,2009-08-21 00:00:00,,
follow,Smile 2,7920,2024-10-18 00:00:00,,
follow,The Ron Clark Story,5400,2006-08-13 00:00:00,,
follow,Wonka,7020,2023-12-15 00:00:00,,
follow,올드보이,7260,2005-03-25 00:00:00,,
follow,Frozen II,6240,2019-11-22 00:00:00,,
follow,Marvel One-Shot: Item 47,720,2012-09-13 00:00:00,,
follow,Now You See Me,6900,2013-07-19 00:00:00,,
follow,जोधा अकबर,12840,2008-02-15 00:00:00,,
follow,Peter Pan,4620,1953-02-05 00:00:00,,
follow,John Wick: Chapter 3 - Parabellum,7860,2019-05-31 00:00:00,,
follow,الفيل الأزرق ٢,7800,2019-07-25 00:00:00,,
follow,Train Dreams,6120,2025-11-21 00:00:00,,
follow,Kung Fu Panda 3,5700,2016-03-17 00:00:00,,
follow,Lincoln,9000,2012-11-09 00:00:00,,
follow,لا تراجع ولا استسلام,7260,2010-06-30 00:00:00,,
follow,"進撃の巨人 - Wall Sina, Goodbye 後編",1500,2018-04-09 00:00:00,,
follow,That's My Boy,6960,2012-06-14 00:00:00,,
follow,Cloudy with a Chance of Meatballs,5400,2009-09-17 00:00:00,,
follow,قلب أمه,6240,2018-06-13 00:00:00,,
follow,Transformers: Dark of the Moon,9240,2011-06-29 00:00:00,,
follow,X-Men: Days of Future Past,8940,2014-05-23 00:00:00,,
follow,John Wick: Chapter 4,10140,2023-03-24 00:00:00,,
follow,Cars 2,6360,2011-07-27 00:00:00,,
follow,The Lion King,7080,2019-07-19 00:00:00,,
follow,The Usual Suspects,6360,1995-08-16 00:00:00,,
follow,الخلية,7200,2017-08-30 00:00:00,,
follow,The Dark Knight,9120,2008-07-18 00:00:00,,
follow,Despicable Me,5700,2010-08-06 00:00:00,,
follow,Coco,6300,2018-01-19 00:00:00,,
follow,How to Train Your Dragon 2,6120,2014-08-01 00:00:00,,
follow,Captain America: Civil War,8820,2016-04-29 00:00:00,,
follow,The Godfather,10740,1972-03-24 00:00:00,,
follow,Jurassic World,7440,2015-06-12 00:00:00,,
follow,The Fast and the Furious: Tokyo Drift,6240,2006-07-14 00:00:00,,
follow,Deadpool & Wolverine,,2024-07-25 00:00:00,,
follow,Drive,6000,2011-09-16 00:00:00,,
follow,One Flew Over the Cuckoo's Nest,7980,1975-11-19 00:00:00,,
follow,Ocean's Eight,6600,2018-06-08 00:00:00,,
follow,Khayaal Ma'atah (خيال مآته),7500,2019-08-12 00:00:00,,
follow,Hotel Transylvania 2,7200,2015-10-23 00:00:00,,
follow,Bolbol Hayran,6720,2010-11-11 00:00:00,,
follow,Mean Girls,5820,2004-06-18 00:00:00,,
follow,Thunderbolts*: *The New Avengers,,2025-04-30 00:00:00,,
follow,تيمور و شفيقة,5940,2007-06-21 00:00:00,,
follow,Atlantis: The Lost Empire,5700,2001-10-19 00:00:00,,
follow,Welad El Am,7200,2009-11-14 00:00:00,,
follow,Inside Out 2,5820,2024-06-14 00:00:00,,
follow,ये जवानी है दीवानी,9600,2013-05-31 00:00:00,,
follow,Interstellar,10140,2014-11-07 00:00:00,,
follow,الهرم الرابع,5400,2016-02-03 00:00:00,,
follow,Avatar,9720,2009-12-10 00:00:00,,
follow,سمير وشهير وبهير,5520,2010-09-09 00:00:00,,
follow,Batman Begins,8400,2005-06-15 00:00:00,,
follow,22 Jump Street,6720,2014-08-22 00:00:00,,
follow,The Hunger Games: Mockingjay - Part 2,8220,2015-11-05 00:00:00,,
follow,आशिक़ी २,7920,2013-04-26 00:00:00,,
follow,Doodlebug,180,1997-01-01 00:00:00,,
follow,Avengers: Infinity War,8940,2018-04-26 00:00:00,,
follow,Treasure Planet,5700,2002-11-26 00:00:00,,
follow,स्टूडेंट ऑफ द ईयर,8700,2012-10-19 00:00:00,,
follow,The Fall Guy,7560,2024-05-03 00:00:00,,
follow,Night at the Museum: Secret of the Tomb,5820,2014-12-25 00:00:00,,
follow,The Hunger Games: The Ballad of Songbirds & Snakes,9420,2023-11-17 00:00:00,,
follow,Inside Out,5700,2015-06-19 00:00:00,,
follow,Just Go with It,8400,2011-03-23 00:00:00,,
follow,Manchester by the Sea,8280,2016-11-18 00:00:00,,
follow,You've Got Mail,7140,1998-12-18 00:00:00,,
follow,Grown Ups 2,6060,2013-07-12 00:00:00,,
follow,The Little Mermaid,4980,1990-12-05 00:00:00,,
follow,Cruella,8280,2021-06-03 00:00:00,,
follow,La Taragoa Wala Esteslam,,2010-08-15 00:00:00,,
follow,Ice Age: Continental Drift,5280,2012-06-16 00:00:00,,
follow,進撃の巨人 - 悔いなき選択 後編,1620,2015-04-09 00:00:00,,
follow,يانا يا خالتي!,6360,2005-06-22 00:00:00,,
follow,Free Guy,6900,2021-08-18 00:00:00,,
follow,Cinderella III: A Twist in Time,4440,2007-02-06 00:00:00,,
follow,Shrek the Third,5640,2007-06-15 00:00:00,,
follow,Shang-Chi and the Legend of the Ten Rings,7920,2021-09-03 00:00:00,,
follow,Dark Phoenix,6840,2019-06-05 00:00:00,,
follow,Fight Club,8340,1999-11-10 00:00:00,,
follow,Enola Holmes,7440,2020-09-23 00:00:00,,
follow,Mission: Impossible - The Final Reckoning,,2025-05-23 00:00:00,,
follow,Companion,5820,2025-01-30 00:00:00,,
follow,The Dark Knight Rises,9840,2012-07-20 00:00:00,,
follow,رغدة متوحشة,5520,2019-06-13 00:00:00,,
follow,Crazy Rich Asians,7260,2018-08-15 00:00:00,,
follow,Mission: Impossible,6600,1996-05-20 00:00:00,,
follow,Lady and the Tramp,4560,1955-06-22 00:00:00,,
follow,Magnolia,11340,1999-12-10 00:00:00,,
follow,The Silence of the Lambs,7140,1991-02-14 00:00:00,,
follow,Black Swan,6480,2011-02-18 00:00:00,,
follow,The Smurfs 2,6300,2013-07-31 00:00:00,,
follow,Spider-Man: Homecoming,7980,2017-07-07 00:00:00,,
follow,Captain America: The First Avenger,7440,2011-11-29 00:00:00,,
follow,The Guardians of the Galaxy Holiday Special,2520,2022-11-25 00:00:00,,
follow,Baby Driver,6720,2017-07-27 00:00:00,,
follow,أبو علي,7200,2005-01-15 00:00:00,,
follow,أمير البحار,6600,2009-11-26 00:00:00,,
follow,Wreck-It Ralph,6060,2012-12-25 00:00:00,,
follow,Home Alone 2: Lost in New York,7200,1992-11-19 00:00:00,,
follow,Raya and The Last Dragon,6480,2021-03-05 00:00:00,,
follow,Se7en,7620,1995-09-22 00:00:00,,
follow,Tangled,6000,2011-01-28 00:00:00,,
follow,Okal,7080,2004-07-07 00:00:00,,
follow,दिलवाले,9480,2015-12-18 00:00:00,,
follow,Mommy,8340,2014-10-08 00:00:00,,
follow,The Pursuit of Happyness,7020,2007-01-12 00:00:00,,
follow,واحد تاني,6300,2022-05-13 00:00:00,,
follow,Maze Runner: The Death Cure,8580,2018-01-26 00:00:00,,
follow,Smile,6900,2022-09-30 00:00:00,,
follow,Back to the Future,6960,1985-10-18 00:00:00,,
follow,Spider-Man,7260,2002-06-21 00:00:00,,
follow,Mohabbatein,12960,2000-10-27 00:00:00,,
follow,The Incredibles,6900,2004-11-26 00:00:00,,
follow,Moana 2,6000,2024-11-27 00:00:00,,
follow,Secret of the Wings,5520,2012-08-17 00:00:00,,
follow,The Great Gatsby,8580,2013-05-15 00:00:00,,
follow,Iron Man 2,7440,2010-04-30 00:00:00,,
follow,Harry Potter and the Prisoner of Azkaban,8460,2004-05-31 00:00:00,,
follow,Cidade de Deus,7800,2002-08-30 00:00:00,,
follow,Shrek,5400,2001-04-22 00:00:00,,
follow,Ant-Man and the Wasp,7080,2018-07-04 00:00:00,,
follow,The Shawshank Redemption,8520,1994-09-10 00:00:00,,
follow,حامل اللقب,6900,2022-02-02 00:00:00,,
follow,عسل اسود,7800,2010-05-25 00:00:00,,
follow,101 Dalmatians,4740,1961-12-20 00:00:00,,
follow,The Basketball Diaries,6120,1995-01-27 00:00:00,,
follow,The Lorax,5160,2012-03-01 00:00:00,,
follow,The Hunchback of Notre Dame,5460,1996-06-28 00:00:00,,
follow,The Smurfs,6180,2011-08-03 00:00:00,,
follow,Gladiator II,8460,2024-11-22 00:00:00,,
follow,The Jungle Book,6360,2016-04-07 00:00:00,,
follow,Puss in Boots,5400,2011-12-09 00:00:00,,
follow,एबीसीडी,9600,2013-02-07 00:00:00,,
follow,Ben 10: Secret of the Omnitrix,4260,2007-08-10 00:00:00,,
follow,Horton Hears a Who!,5280,2008-03-03 00:00:00,,
follow,Love & Other Drugs,6420,2010-12-29 00:00:00,,
follow,Cinderella,4500,1952-12-19 00:00:00,,
follow,Incredibles 2,7080,2018-08-03 00:00:00,,
follow,Vice,7920,2019-02-13 00:00:00,,
follow,Ant-Man,7020,2015-07-24 00:00:00,,
follow,Toy Story 3,5880,2010-06-19 00:00:00,,
follow,Spider-Man: Far From Home,7740,2019-07-02 00:00:00,,
follow,The Hangover,6000,2009-06-05 00:00:00,,
follow,Ready Player One,8400,2018-03-29 00:00:00,,
follow,A Minecraft Movie,6060,2025-04-04 00:00:00,,
follow,Monster House,5460,2006-07-21 00:00:00,,
follow,Ford v Ferrari,9120,2019-11-15 00:00:00,,
follow,Ant-Man and the Wasp: Quantumania,7440,2023-02-17 00:00:00,,
follow,The Emoji Movie,5160,2017-09-28 00:00:00,,
follow,The Fantastic Four: First Steps,6900,2025-07-25 00:00:00,,
follow,Bambi,4200,1942-08-09 00:00:00,,
follow,Home Alone,6180,1990-11-16 00:00:00,,
follow,Katkout,7500,2006-08-01 00:00:00,,
follow,劇場版 進撃の巨人 前編 ～紅蓮の弓矢～,7080,2014-11-22 00:00:00,,
follow,اكس لارج,8100,2011-11-02 00:00:00,,
follow,Minions: The Rise of Gru,5280,2022-07-01 00:00:00,,
follow,The Fast and the Furious,6360,2001-09-21 00:00:00,,
follow,Harry Potter and the Deathly Hallows: Part 1,8760,2010-11-11 00:00:00,,
follow,Cast Away,8580,2001-01-26 00:00:00,,
follow,بنات العم,5940,2012-01-26 00:00:00,,
follow,Grown Ups,6120,2010-06-30 00:00:00,,
follow,Ellembi,5460,2002-10-06 00:00:00,,
follow,Red Notice,8160,2021-11-05 00:00:00,,
follow,عسكر في المعسكر,6600,2003-07-30 00:00:00,,
follow,Minions,5460,2015-06-11 00:00:00,,
follow,Lucy,5340,2014-08-22 00:00:00,,
follow,Forrest Gump,8520,1994-12-15 00:00:00,,
follow,Old,7740,2021-07-23 00:00:00,,
follow,X2,8040,2003-05-02 00:00:00,,
follow,17 Again,6120,2009-03-11 00:00:00,,
follow,على جثتي,6360,2013-02-07 00:00:00,,
follow,Toy Story,4860,1996-03-14 00:00:00,,
follow,The Legend of Aang: The Last Airbender,,2026-10-09 00:00:00,,
follow,Speed,6960,1994-06-10 00:00:00,,
follow,Jurassic Park,7620,1993-10-20 00:00:00,,
follow,Thor: Ragnarok,7800,2017-10-24 00:00:00,,
follow,The Marvels,6300,2023-11-10 00:00:00,,
follow,An Upper Egyptian in the American University,7080,1998-08-03 00:00:00,,
follow,Leroy & Stitch,4380,2007-01-17 00:00:00,,
follow,American History X,7140,1998-10-30 00:00:00,,
follow,28 Years Later,6840,2025-06-20 00:00:00,,
follow,Megamind,5820,2010-10-28 00:00:00,,
follow,The Flash,8640,2023-06-16 00:00:00,,
follow,Harry Potter and the Goblet of Fire,9420,2005-11-06 00:00:00,,
follow,Happy New Year,10800,2014-10-23 00:00:00,,
follow,Aladdin,5400,1992-11-25 00:00:00,,
follow,Novocaine,6720,2025-03-14 00:00:00,,
follow,Marvel One-Shot: The Consultant,240,2011-09-13 00:00:00,,
rewatch,The Amazing Spider-Man 2,8520,2014-04-30 00:00:00,1,
rewatch,The Wolf of Wall Street,10800,2013-12-17 00:00:00,1,
rewatch,The Wolf of Wall Street,10800,2013-12-17 00:00:00,2,
rewatch,John Wick,6060,2014-09-19 00:00:00,1,
rewatch,Captain America: The First Avenger,7440,2011-11-29 00:00:00,1,
rewatch_count,Jumanji: Level One,900,2021-01-20 00:00:00,0,
rewatch_count,Enola Holmes 2,7860,2022-11-04 00:00:00,0,
rewatch_count,The Amazing Spider-Man 2,8520,2014-04-30 00:00:00,1,
rewatch_count,Cloudy with a Chance of Meatballs 2,5700,2013-09-26 00:00:00,0,
rewatch_count,The Wolf of Wall Street,10800,2013-12-17 00:00:00,2,
rewatch_count,The New Mutants,5640,2020-08-28 00:00:00,0,
rewatch_count,Happy Feet,6480,2006-11-16 00:00:00,0,
rewatch_count,進撃の巨人 ATTACK ON TITAN,5880,2016-04-04 00:00:00,0,
rewatch_count,The Insider,12600,1999-10-28 00:00:00,0,
rewatch_count,Tenet,9000,2020-09-03 00:00:00,0,
rewatch_count,John Wick,6060,2014-09-19 00:00:00,1,
rewatch_count,Toy Story That Time Forgot,1320,2014-12-02 00:00:00,0,
rewatch_count,فول الصين العظيم,6300,1970-01-01 00:00:00,0,
rewatch_count,Dune: Part Two,9900,2024-02-28 00:00:00,0,
rewatch_count,Spider-Man: No Way Home,8880,2021-12-17 00:00:00,0,
rewatch_count,३ इडियट्स,10200,2009-12-23 00:00:00,0,
rewatch_count,Home Alone 4,5340,2002-11-03 00:00:00,0,
rewatch_count,Dune: Part One,9300,2021-10-22 00:00:00,0,
rewatch_count,Kung Fu Panda 4,,2024-03-21 00:00:00,0,
rewatch_count,Dune: Part Three,,2026-12-18 00:00:00,0,
rewatch_count,Dune,8220,1984-12-21 00:00:00,0,
rewatch_count,Inside Out,5700,2015-07-24 00:00:00,0,
rewatch_count,Home Alone 5: The Holiday Heist,5400,2012-11-25 00:00:00,0,
rewatch_count,رغدة متوحشة,5520,2019-06-13 00:00:00,0,
rewatch_count,Spider-Man: Homecoming,7980,2017-07-07 00:00:00,0,
rewatch_count,Captain America: The First Avenger,7440,2011-11-29 00:00:00,1,
rewatch_count,Ant-Man and the Wasp,7080,2018-07-04 00:00:00,0,
towatch,F1,9360,2025-06-27 00:00:00,,
towatch,Encanto,6180,2021-11-26 00:00:00,,
towatch,The Batman,10560,2022-03-02 00:00:00,,
towatch,Schindler's List,11700,1994-02-04 00:00:00,,
towatch,The Gentlemen,6780,2020-02-05 00:00:00,,
towatch,Materialists,6960,2025-06-13 00:00:00,,
towatch,僕のヒーローアカデミア THE MOVIE ワールドヒーローズミッション,6300,2022-01-06 00:00:00,,
towatch,Incendies,7500,2010-09-04 00:00:00,,
towatch,Ferrari,7860,2023-12-25 00:00:00,,
towatch,Spider-Man: Into the Spider-Verse,7020,2018-12-21 00:00:00,,
towatch,Jumanji: Level One,900,2021-01-20 00:00:00,,
towatch,Enola Holmes 2,7860,2022-11-04 00:00:00,,
towatch,Apollo 13,8400,1995-06-30 00:00:00,,
towatch,Fast Five,7800,2011-04-29 00:00:00,,
towatch,Pirates of the Caribbean: The Curse of the Black Pearl,8580,2003-09-05 00:00:00,,
towatch,Pirates of the Caribbean: Dead Men Tell No Tales,7740,2017-05-24 00:00:00,,
towatch,"Il buono, il brutto, il cattivo",10740,1967-12-29 00:00:00,,
towatch,Spider-Man: Across the Spider-Verse,8400,2023-06-02 00:00:00,,
towatch,Men in Black 3,8100,2012-05-25 00:00:00,,
towatch,The Insider,12600,1999-10-28 00:00:00,,
towatch,The Substance,8280,2024-09-20 00:00:00,,
towatch,Spider-Man 3,11700,2007-05-04 00:00:00,,
towatch,Insomnia,7080,2002-11-30 00:00:00,,
towatch,Zack Snyder's Justice League,14520,2021-03-18 00:00:00,,
towatch,Kill Bill: Vol. 2,8220,2004-07-23 00:00:00,,
towatch,Dead Poets Society,7800,1989-09-28 00:00:00,,
towatch,Taxi Driver,6840,1976-08-27 00:00:00,,
towatch,Road to Perdition,7020,2002-07-12 00:00:00,,
towatch,Aquaman,8580,2018-12-12 00:00:00,,
towatch,Toy Story That Time Forgot,1320,2014-12-02 00:00:00,,
towatch,Mission: Impossible III,7560,2006-07-20 00:00:00,,
towatch,Venom: Let There Be Carnage,5820,2021-10-15 00:00:00,,
towatch,Pirates of the Caribbean: On Stranger Tides,8220,2011-05-18 00:00:00,,
towatch,Kill Bill: Vol. 1,6660,2004-03-05 00:00:00,,
towatch,Venom: The Last Dance,6540,2024-10-25 00:00:00,,
towatch,Scarface,10200,1984-04-20 00:00:00,,
towatch,Robin Hood,6960,2018-12-05 00:00:00,,
towatch,Pirates of the Caribbean: At World's End,10140,2007-05-23 00:00:00,,
towatch,Spider-Man 2,7620,2004-07-14 00:00:00,,
towatch,Project Hail Mary,9420,2026-03-20 00:00:00,,
towatch,Le Fabuleux destin d'Amélie Poulain,7320,2001-09-07 00:00:00,,
towatch,Contagion,6360,2011-11-09 00:00:00,,
towatch,Napoleon,12300,2023-11-22 00:00:00,,
towatch,Rush,7380,2013-09-20 00:00:00,,
towatch,Intouchables,6780,2012-05-25 00:00:00,,
towatch,Good Will Hunting,7620,1997-12-05 00:00:00,,
towatch,La La Land,7740,2016-12-09 00:00:00,,
towatch,The Machinist,7800,2004-02-09 00:00:00,,
towatch,Suicide Squad,7380,2016-08-05 00:00:00,,
towatch,Alumbramiento,900,2009-03-08 00:00:00,,
towatch,Brothers,6300,2009-01-27 00:00:00,,
towatch,३ इडियट्स,10200,2009-12-23 00:00:00,,
towatch,The Devil's Advocate,8640,1997-10-17 00:00:00,,
towatch,There Will Be Blood,9480,2008-01-25 00:00:00,,
towatch,Mission: Impossible II,7380,2002-11-28 00:00:00,,
towatch,La vita è bella,7440,1998-10-23 00:00:00,,
towatch,سيكو سيكو,7200,2025-03-30 00:00:00,,
towatch,Justice League,7200,2017-11-17 00:00:00,,
towatch,Pirates of the Caribbean: Dead Man's Chest,9060,2006-09-13 00:00:00,,
towatch,Mission: Impossible – Dead Reckoning Part One,9780,2023-07-14 00:00:00,,
towatch,National Treasure,7860,2004-12-03 00:00:00,,
towatch,Kung Fu Panda 4,,2024-03-21 00:00:00,,
towatch,الفيل الأزرق,8820,2014-07-28 00:00:00,,
towatch,Mad Max: Fury Road,7260,2015-05-15 00:00:00,,
towatch,GoodFellas,8700,1990-09-19 00:00:00,,
towatch,Blended,7020,2014-05-23 00:00:00,,
towatch,Scent of a Woman,9420,1992-12-23 00:00:00,,
towatch,12 Angry Men,5760,1957-04-10 00:00:00,,
towatch,Dune: Part Three,,2026-12-18 00:00:00,,
towatch,Men in Black,5880,1997-07-01 00:00:00,,
towatch,Saving Private Ryan,10140,1998-09-30 00:00:00,,
towatch,Arrival,6960,2016-11-11 00:00:00,,
towatch,Inglourious Basterds,9240,2009-08-21 00:00:00,,
towatch,Smile 2,7920,2024-10-18 00:00:00,,
towatch,The Ron Clark Story,5400,2006-08-13 00:00:00,,
towatch,올드보이,7260,2005-03-25 00:00:00,,
towatch,الفيل الأزرق ٢,7800,2019-07-25 00:00:00,,
towatch,Train Dreams,6120,2025-11-21 00:00:00,,
towatch,Lincoln,9000,2012-11-09 00:00:00,,
towatch,Drive,6000,2011-09-16 00:00:00,,
towatch,One Flew Over the Cuckoo's Nest,7980,1975-11-19 00:00:00,,
towatch,Ocean's Eight,6600,2018-06-08 00:00:00,,
towatch,Avatar,9720,2009-12-10 00:00:00,,
towatch,The Hunger Games: Mockingjay - Part 2,8220,2015-11-05 00:00:00,,
towatch,The Fall Guy,7560,2024-05-03 00:00:00,,
towatch,The Hunger Games: The Ballad of Songbirds & Snakes,9420,2023-11-17 00:00:00,,
towatch,Manchester by the Sea,8280,2016-11-18 00:00:00,,
towatch,You've Got Mail,7140,1998-12-18 00:00:00,,
towatch,Mission: Impossible - The Final Reckoning,,2025-05-23 00:00:00,,
towatch,Companion,5820,2025-01-30 00:00:00,,
towatch,Mission: Impossible,6600,1996-05-20 00:00:00,,
towatch,Magnolia,11340,1999-12-10 00:00:00,,
towatch,The Silence of the Lambs,7140,1991-02-14 00:00:00,,
towatch,Baby Driver,6720,2017-07-27 00:00:00,,
towatch,Raya and The Last Dragon,6480,2021-03-05 00:00:00,,
towatch,The Pursuit of Happyness,7020,2007-01-12 00:00:00,,
towatch,Maze Runner: The Death Cure,8580,2018-01-26 00:00:00,,
towatch,Back to the Future,6960,1985-10-18 00:00:00,,
towatch,Moana 2,6000,2024-11-27 00:00:00,,
towatch,The Great Gatsby,8580,2013-05-15 00:00:00,,
towatch,Cidade de Deus,7800,2002-08-30 00:00:00,,
towatch,The Shawshank Redemption,8520,1994-09-10 00:00:00,,
towatch,The Basketball Diaries,6120,1995-01-27 00:00:00,,
towatch,Gladiator II,8460,2024-11-22 00:00:00,,
towatch,Vice,7920,2019-02-13 00:00:00,,
towatch,A Minecraft Movie,6060,2025-04-04 00:00:00,,
towatch,Ford v Ferrari,9120,2019-11-15 00:00:00,,
towatch,The Legend of Aang: The Last Airbender,,2026-10-09 00:00:00,,
towatch,28 Years Later,6840,2025-06-20 00:00:00,,
towatch,The Flash,8640,2023-06-16 00:00:00,,
towatch,Novocaine,6720,2025-03-14 00:00:00,,
watch,,10320,2013-12-20 00:00:00,,
watch,Finding Dory,5820,2016-06-17 00:00:00,,
watch,Barbie,6840,2023-07-19 00:00:00,,
watch,"進撃の巨人 - Wall Sina, Goodbye 前編",1500,2017-12-08 00:00:00,,
watch,Tangled Ever After,420,2012-01-13 00:00:00,,
watch,Tinker Bell and the Great Fairy Rescue,4560,2010-08-13 00:00:00,,
watch,Flushed Away,5100,2006-10-22 00:00:00,,
watch,The Social Network,7260,2010-10-15 00:00:00,,
watch,The Hunger Games: Mockingjay - Part 1,7380,2014-11-20 00:00:00,,
watch,Beauty and the Beast: The Enchanted Christmas,4320,1997-11-11 00:00:00,,
watch,Morgan Ahmed Morgan,6900,2007-07-04 00:00:00,,
watch,Smurfs: The Lost Village,5340,2017-04-05 00:00:00,,
watch,Titanic,11640,1998-01-23 00:00:00,,
watch,Thor: Love and Thunder,7080,2022-07-08 00:00:00,,
watch,Fast & Furious,6420,2009-04-03 00:00:00,,
watch,Aladdin,7740,2019-05-22 00:00:00,,
watch,Toy Story 2,5520,2000-02-04 00:00:00,,
watch,Avengers: Endgame,10860,2019-04-26 00:00:00,,
watch,Charlie and the Chocolate Factory,6900,2005-07-29 00:00:00,,
watch,The Angry Birds Movie 2,5820,2019-08-02 00:00:00,,
watch,Hercules,5580,1997-06-20 00:00:00,,
watch,Harry Potter and the Half-Blood Prince,9180,2009-07-07 00:00:00,,
watch,The Lion King 1½,4620,2004-02-06 00:00:00,,
watch,Bolt,5880,2009-02-04 00:00:00,,
watch,The Sixth Sense,6420,1999-08-06 00:00:00,,
watch,Despicable Me 2,5880,2013-06-25 00:00:00,,
watch,Jojo Rabbit,6480,2019-11-08 00:00:00,,
watch,Me Before You,6600,2016-06-02 00:00:00,,
watch,Black Panther: Wakanda Forever,9660,2022-11-11 00:00:00,,
watch,Brother Bear,5100,2004-01-28 00:00:00,,
watch,The Matrix Resurrections,8880,2021-12-22 00:00:00,,
watch,Captain Marvel,7440,2019-03-08 00:00:00,,
watch,Edward Scissorhands,6300,1991-04-25 00:00:00,,
watch,The Avengers,8580,2012-05-04 00:00:00,,
watch,Joker: Folie à Deux,8880,2024-10-04 00:00:00,,
watch,Fan,8280,2016-04-15 00:00:00,,
watch,Ramadan Mabrouk Abu El Alamain Hamoda,6300,2008-12-04 00:00:00,,
watch,Shrek Forever After,5700,2010-06-30 00:00:00,,
watch,Kung Fu Panda 2,5460,2011-08-24 00:00:00,,
watch,Madagascar: Escape 2 Africa,5400,2008-12-05 00:00:00,,
watch,The Ice Age Adventures of Buck Wild,4920,2022-01-28 00:00:00,,
watch,Harry Potter and the Philosopher's Stone,9120,2001-11-04 00:00:00,,
watch,Toy Story 4,6000,2019-06-21 00:00:00,,
watch,Shingeki no Kyojin OVA 2 - Totsuzen no Raihousha―Sainamareru Seishun no Noroi―,1380,2014-04-09 00:00:00,,
watch,Ratatouille,6660,2007-10-12 00:00:00,,
watch,Lilo & Stitch 2: Stitch has a Glitch,4080,2005-01-22 00:00:00,,
watch,The Amazing Spider-Man 2,8520,2014-04-17 00:00:00,,
watch,क्‍वीन,8400,2014-03-07 00:00:00,,
watch,Ralph Breaks the Internet,6720,2018-11-22 00:00:00,,
watch,The Incredible Hulk,6720,2008-06-20 00:00:00,,
watch,रा.वन,9360,2011-10-24 00:00:00,,
watch,You Should Have Left,5580,2020-06-19 00:00:00,,
watch,Puss in Boots: The Last Wish,6180,2022-12-22 00:00:00,,
watch,فول الصين العظيم,6300,2004-08-08 00:00:00,,
watch,Doctor Strange in the Multiverse of Madness,7620,2022-05-06 00:00:00,,
watch,Cloudy with a Chance of Meatballs 2,5700,2013-12-25 00:00:00,,
watch,Lady and the Tramp II: Scamp's Adventure,4140,2001-02-18 00:00:00,,
watch,Ghosted,7020,2023-04-21 00:00:00,,
watch,Iron Man,7560,2008-05-02 00:00:00,,
watch,Penguins of Madagascar,5520,2014-11-28 00:00:00,,
watch,Bodyguard,7800,2011-08-31 00:00:00,,
watch,Deep Water,7200,2022-03-18 00:00:00,,
watch,Inception,8880,2010-07-16 00:00:00,,
watch,A Beautiful Mind,8100,2001-12-21 00:00:00,,
watch,The Wolf of Wall Street,10800,2014-01-09 00:00:00,,
watch,Iron Man 3,7800,2013-04-26 00:00:00,,
watch,Jurassic World Dominion,8820,2022-06-08 00:00:00,,
watch,حملة فريزر,7380,2016-09-10 00:00:00,,
watch,Tom and Jerry,6060,2021-05-06 00:00:00,,
watch,How to Train Your Dragon,6000,2010-03-26 00:00:00,,
watch,The New Mutants,5640,2020-08-28 00:00:00,,
watch,Happy Feet,6480,2006-11-16 00:00:00,,
watch,Gone Girl,8880,2014-10-08 00:00:00,,
watch,Alrayes Omar Harb,,2008-07-08 00:00:00,,
watch,Ballerina,7500,2025-06-06 00:00:00,,
watch,Monsters University,6240,2013-07-06 00:00:00,,
watch,خالتي فرنسا,6060,2004-06-23 00:00:00,,
watch,Shingeki no Kyojin OVA 3 - Konnan,1380,2014-08-08 00:00:00,,
watch,進撃の巨人 〜クロニクル〜,7320,2020-12-07 00:00:00,,
watch,همام في أمستردام,7800,1999-10-30 00:00:00,,
watch,Ben 10/Generator Rex: Heroes United,2760,2011-11-25 00:00:00,,
watch,The Gorge,7680,2025-02-14 00:00:00,,
watch,Tinker Bell and the Lost Treasure,4860,2009-09-03 00:00:00,,
watch,Ibn el-Qunsul,7140,2010-11-12 00:00:00,,
watch,X-Men: Apocalypse,8640,2016-05-18 00:00:00,,
watch,Rush Hour,5880,1998-09-18 00:00:00,,
watch,Bridge to Terabithia,5700,2007-03-16 00:00:00,,
watch,Kung Fu Panda,5700,2008-08-29 00:00:00,,
watch,Tinker Bell and the Legend of the NeverBeast,4620,2014-12-12 00:00:00,,
watch,(500) Days of Summer,5700,2009-11-27 00:00:00,,
watch,John Wick: Chapter 2,7320,2017-02-10 00:00:00,,
watch,Harry Potter and the Deathly Hallows: Part 2,7800,2011-07-07 00:00:00,,
watch,कृष ३,9120,2013-11-01 00:00:00,,
watch,American Psycho,6120,2000-04-13 00:00:00,,
watch,آخر ديك في مصر,6600,2017-01-25 00:00:00,,
watch,Ice Age: Dawn of the Dinosaurs,5640,2009-07-03 00:00:00,,
watch,The Boogeyman,6000,2023-06-02 00:00:00,,
watch,Deadpool,6480,2016-02-10 00:00:00,,
watch,H Dabbour,6360,2008-08-01 00:00:00,,
watch,Night at the Museum: Battle of the Smithsonian,6300,2009-05-22 00:00:00,,
watch,Zootopia,6480,2016-02-17 00:00:00,,
watch,WALL·E,5880,2008-06-27 00:00:00,,
watch,السفاره في العماره,6360,2005-07-19 00:00:00,,
watch,أسد وأربع قطط,6420,2007-10-10 00:00:00,,
watch,Captain America: The Winter Soldier,8160,2014-04-04 00:00:00,,
watch,Finding Nemo,6000,2003-10-10 00:00:00,,
watch,Spirit: Stallion of the Cimarron,4980,2002-05-24 00:00:00,,
watch,Eternals,9360,2021-11-05 00:00:00,,
watch,Wonder Woman,8460,2017-06-02 00:00:00,,
watch,Focus,6300,2015-03-27 00:00:00,,
watch,The Wolverine,7620,2013-07-26 00:00:00,,
watch,Baywatch,6960,2017-06-16 00:00:00,,
watch,Hotel Transylvania 3: Summer Vacation,5820,2018-07-13 00:00:00,,
watch,أحلام الفتى الطايش,5160,2007-06-20 00:00:00,,
watch,Cars,7020,2006-06-14 00:00:00,,
watch,Beauty and the Beast,5220,1991-11-13 00:00:00,,
watch,How to Train Your Dragon: Homecoming,1320,2019-12-03 00:00:00,,
watch,Big Hero 6,6120,2014-12-25 00:00:00,,
watch,Cars 3,6540,2017-07-14 00:00:00,,
watch,Batman v Superman: Dawn of Justice,9060,2016-03-25 00:00:00,,
watch,ظرف طارق,6540,2006-01-04 00:00:00,,
watch,Night at the Museum,6480,2007-01-26 00:00:00,,
watch,Thor,6900,2011-04-29 00:00:00,,
watch,The Emperor's New Groove,4680,2000-12-09 00:00:00,,
watch,To Go Out,,2016-09-08 00:00:00,,
watch,The Prestige,7800,2006-10-20 00:00:00,,
watch,Boshkash,7200,2008-08-01 00:00:00,,
watch,Guardians of the Galaxy Vol. 3,9000,2023-05-05 00:00:00,,
watch,The Pirate Fairy,4680,2014-02-13 00:00:00,,
watch,Nobody,5520,2021-07-01 00:00:00,,
watch,進撃の巨人 - 悔いなき選択 前編,1620,2014-12-09 00:00:00,,
watch,Hotel Transylvania: Transformania,5280,2022-01-14 00:00:00,,
watch,Don't Look Up,9600,2021-12-24 00:00:00,,
watch,Despicable Me 3,5760,2017-06-30 00:00:00,,
watch,माइ नेम इज़ ख़ान,9900,2010-02-10 00:00:00,,
watch,Nightcrawler,7080,2014-11-26 00:00:00,,
watch,Tenet,9000,2020-09-03 00:00:00,,
watch,Avengers: Age of Ultron,8460,2015-04-13 00:00:00,,
watch,Fast X,8460,2023-05-19 00:00:00,,
watch,John Wick,6060,2015-01-22 00:00:00,,
watch,Lilo & Stitch,5100,2002-07-05 00:00:00,,
watch,The Lion King,5280,1994-10-05 00:00:00,,
watch,فيلم ثقافي,7500,2000-10-04 00:00:00,,
watch,Surf's Up,5100,2007-06-08 00:00:00,,
watch,طباخ الريس,6840,2008-01-23 00:00:00,,
watch,How to Train Your Dragon: The Hidden World,6240,2019-02-01 00:00:00,,
watch,Prisoners,9180,2013-09-20 00:00:00,,
watch,101 Dalmatians II: Patch's London Adventure,4200,2003-01-21 00:00:00,,
watch,Shrek 2,5580,2004-05-21 00:00:00,,
watch,"Monsters, Inc.",5520,2002-01-31 00:00:00,,
watch,مراتي وزوجتي,6000,2014-04-20 00:00:00,,
watch,Now You See Me 2,7740,2016-07-22 00:00:00,,
watch,The Green Mile,11340,1999-12-06 00:00:00,,
watch,Bee Movie,5520,2007-10-28 00:00:00,,
watch,The Story Room: The Making of 'Lilo & Stitch',7560,2005-08-22 00:00:00,,
watch,X-Men: The Last Stand,6240,2006-05-26 00:00:00,,
watch,A Bug's Life,5700,1998-11-20 00:00:00,,
watch,حسن ومرقص,6600,2008-07-03 00:00:00,,
watch,Miss Mommy,,2012-10-24 00:00:00,,
watch,Ice Age: Collision Course,5640,2016-07-13 00:00:00,,
watch,El Camino: A Breaking Bad Movie,7320,2019-10-11 00:00:00,,
watch,Bang Bang!,9180,2014-10-02 00:00:00,,
watch,نادي الرجال السري,6300,2019-01-22 00:00:00,,
watch,El Basha Telmiz,6600,2004-01-27 00:00:00,,
watch,Jumanji: Welcome to the Jungle,7140,2017-12-20 00:00:00,,
watch,Made in Egypt,6120,2014-07-28 00:00:00,,
watch,طير انت,,2009-07-15 00:00:00,,
watch,Dark Shadows,7200,2012-05-09 00:00:00,,
watch,Maleficent: Mistress of Evil,7080,2019-10-18 00:00:00,,
watch,Harry Potter and the Chamber of Secrets,9660,2002-11-03 00:00:00,,
watch,Ice Age: A Mammoth Christmas,1560,2011-11-24 00:00:00,,
watch,Turbo,5760,2013-07-18 00:00:00,,
watch,Planes,5460,2013-08-09 00:00:00,,
watch,Black Widow,8040,2021-07-09 00:00:00,,
watch,Anastasia,5640,1998-03-09 00:00:00,,
watch,The Hunger Games,8520,2012-03-23 00:00:00,,
watch,Nobody 2,5400,2025-08-14 00:00:00,,
watch,X-Men: First Class,7920,2011-06-08 00:00:00,,
watch,Man of Steel,8580,2013-06-14 00:00:00,,
watch,Golda,6000,2023-10-06 00:00:00,,
watch,Shutter Island,8220,2010-02-13 00:00:00,,
watch,The Angry Birds Movie,5820,2016-05-13 00:00:00,,
watch,Now You See Me: Now You Don't,6780,2025-11-14 00:00:00,,
watch,The DUFF,6000,2015-02-20 00:00:00,,
watch,劇場版 HUNTER×HUNTER 緋色の幻影（ファントム・ルージュ）,5820,2013-01-12 00:00:00,,
watch,Brave,5580,2012-08-10 00:00:00,,
watch,Luck,6300,2022-08-05 00:00:00,,
watch,Knock Knock,5940,2015-09-23 00:00:00,,
watch,لف ودوران,5400,2016-09-11 00:00:00,,
watch,Shingeki no Kyojin OVA 1 - Ilse no Techou―Aru Chousa Heidan-in no Shuki―,1380,2013-12-09 00:00:00,,
watch,Her,7560,2014-03-13 00:00:00,,
watch,21 Jump Street,6540,2012-03-16 00:00:00,,
watch,The Karate Kid,8400,2010-08-18 00:00:00,,
watch,بنك الحظ,7020,2017-04-05 00:00:00,,
watch,Ellembi 8 Gega,6660,2010-07-16 00:00:00,,
watch,Rise of the Guardians,5820,2012-11-30 00:00:00,,
watch,The Amazing Spider-Man,8160,2012-07-12 00:00:00,,
watch,Mulan II,4740,2004-11-03 00:00:00,,
watch,Madagascar 3: Europe's Most Wanted,5580,2012-07-27 00:00:00,,
watch,Guardians of the Galaxy Vol. 2,8220,2017-04-19 00:00:00,,
watch,Guardians of the Galaxy,7320,2014-07-21 00:00:00,,
watch,Jennifer's Body,6120,2009-09-18 00:00:00,,
watch,Dune: Part Two,10020,2024-02-29 00:00:00,,
watch,زكي شان,6540,2005-11-02 00:00:00,,
watch,The Punisher: One Last Kill,3000,2026-05-12 00:00:00,,
watch,Karkar,6420,2007-07-01 00:00:00,,
watch,The Matrix Revolutions,7740,2003-11-05 00:00:00,,
watch,Darkest Hour,7500,2017-12-23 00:00:00,,
watch,الناظر,7320,2000-07-26 00:00:00,,
watch,The Day After Tomorrow,7440,2004-05-17 00:00:00,,
watch,X-Men Origins: Wolverine,6420,2009-04-29 00:00:00,,
watch,X-Men,6240,2000-08-16 00:00:00,,
watch,1000 Mabrouk,6900,2009-06-26 00:00:00,,
watch,A Groom from a Security Agency,5400,2004-07-28 00:00:00,,
watch,Spider-Man: No Way Home,8880,2021-12-17 00:00:00,,
watch,غبي منه فيه,5400,2004-06-28 00:00:00,,
watch,Aladdin and the King of Thieves,4860,1996-08-13 00:00:00,,
watch,Ibraham Labyad,10500,2009-05-14 00:00:00,,
watch,كده رضا,6780,2007-08-01 00:00:00,,
watch,Up,5760,2009-09-04 00:00:00,,
watch,Joker,7320,2019-10-04 00:00:00,,
watch,Ice Age: The Meltdown,5460,2006-04-05 00:00:00,,
watch,Harry Potter 20th Anniversary: Return to Hogwarts,6180,2022-01-01 00:00:00,,
watch,Jumanji: The Next Level,7380,2019-12-11 00:00:00,,
watch,العيال كبرت,14100,1979-07-08 00:00:00,,
watch,Ely Bali Balak,6720,2003-03-23 00:00:00,,
watch,البدلة,6000,2018-08-20 00:00:00,,
watch,Tinker Bell,4680,2008-10-27 00:00:00,,
watch,The Imitation Game,6840,2014-12-25 00:00:00,,
watch,The Godfather: Part II,12240,1974-12-18 00:00:00,,
watch,Sinners,8220,2025-04-18 00:00:00,,
watch,The Terminal,7680,2004-06-17 00:00:00,,
watch,"Crazy, Stupid, Love.",7080,2011-10-07 00:00:00,,
watch,劇場版 進撃の巨人 後編 ～自由の翼～,7200,2015-06-27 00:00:00,,
watch,The Godfather: Part III,10200,1990-12-25 00:00:00,,
watch,Over the Hedge,4980,2006-05-17 00:00:00,,
watch,The Croods,6060,2013-03-20 00:00:00,,
watch,Jumanji,6240,1996-02-12 00:00:00,,
watch,The Croods: A New Age,5700,2021-01-29 00:00:00,,
watch,Maleficent,5820,2014-05-28 00:00:00,,
watch,Hotel Transylvania,5460,2012-10-28 00:00:00,,
watch,Marvel One-Shot: Agent Carter,900,2013-09-03 00:00:00,,
watch,جعلتني مجرمًا,6240,2006-07-26 00:00:00,,
watch,حرب كرموز,6840,2018-06-15 00:00:00,,
watch,The Lion King II: Simba's Pride,4860,1998-10-24 00:00:00,,
watch,Logan,8220,2017-03-01 00:00:00,,
watch,Harry Potter and the Order of the Phoenix,8280,2007-07-03 00:00:00,,
watch,Tarzan,5280,1999-06-18 00:00:00,,
watch,Mean Girls,6720,2024-01-17 00:00:00,,
watch,Gladiator,9300,2000-05-05 00:00:00,,
watch,البحث عن منفذ لخروج السيد رامبو,6000,2025-01-01 00:00:00,,
watch,آسف على الازعاج,7200,2008-09-01 00:00:00,,
watch,The Mask,6060,1994-07-29 00:00:00,,
watch,Dune: Part One,9300,2021-10-22 00:00:00,,
watch,Nany Doodi,6360,2008-12-02 00:00:00,,
watch,Speed Bump,7200,2006-12-19 00:00:00,,
watch,Thor: The Dark World,6720,2013-11-08 00:00:00,,
watch,Frozen,6120,2013-12-06 00:00:00,,
watch,Pulp Fiction,9240,1994-10-14 00:00:00,,
watch,بوحه,6540,2005-07-05 00:00:00,,
watch,Deadpool 2,7140,2018-05-18 00:00:00,,
watch,اكس مراتي,6900,2024-07-24 00:00:00,,
watch,劇場版 HUNTER×HUNTER -The LAST MISSION-,5820,2022-12-10 00:00:00,,
watch,Marvel One-Shot: A Funny Thing Happened on the Way to Thor's Hammer,240,2011-10-25 00:00:00,,
watch,The Matrix Reloaded,8280,2003-05-23 00:00:00,,
watch,Chicken Little,4860,2005-11-04 00:00:00,,
watch,Lost in Translation,6120,2004-01-07 00:00:00,,
watch,Ice Age,4860,2002-06-26 00:00:00,,
watch,Catch Me If You Can,8460,2002-12-16 00:00:00,,
watch,Snow White and the Seven Dwarfs,4980,1937-12-21 00:00:00,,
watch,The Matrix,8160,1999-05-07 00:00:00,,
watch,Beauty and the Beast,8400,2017-03-17 00:00:00,,
watch,تيتة رهيبة,6240,2020-10-15 00:00:00,,
watch,Doctor Strange,6900,2016-11-04 00:00:00,,
watch,El Talata Yeshtghalonha,7200,2010-06-03 00:00:00,,
watch,عندليب الدقي,6360,2008-02-21 00:00:00,,
watch,Pinocchio,5280,1940-02-23 00:00:00,,
watch,Oppenheimer,10860,2023-07-21 00:00:00,,
watch,Captain America: Brave New World,5880,2025-02-14 00:00:00,,
watch,Mulan,5280,1998-06-19 00:00:00,,
watch,Fast & Furious Presents: Hobbs & Shaw,8220,2019-08-01 00:00:00,,
watch,Monsters vs Aliens,5640,2009-03-19 00:00:00,,
watch,Moana,5760,2016-12-22 00:00:00,,
watch,الحرب العالمية الثالثة,6300,2014-07-28 00:00:00,,
watch,बजरंगी भाईजान,9780,2019-01-18 00:00:00,,
watch,Birdman or (The Unexpected Virtue of Ignorance),7200,2014-10-17 00:00:00,,
watch,Home Alone 3,6120,1997-12-19 00:00:00,,
watch,Black Panther,8040,2018-02-16 00:00:00,,
watch,The Boss Baby,5820,2017-03-30 00:00:00,,
watch,Once Upon a Time... in Hollywood,9660,2019-07-26 00:00:00,,
watch,Madagascar,5160,2005-06-22 00:00:00,,
watch,Wonka,7020,2023-12-15 00:00:00,,
watch,Frozen II,6240,2019-11-22 00:00:00,,
watch,Marvel One-Shot: Item 47,720,2012-09-13 00:00:00,,
watch,Now You See Me,6900,2013-07-19 00:00:00,,
watch,जोधा अकबर,12840,2008-02-15 00:00:00,,
watch,Peter Pan,4620,1953-02-05 00:00:00,,
watch,John Wick: Chapter 3 - Parabellum,7860,2019-05-16 00:00:00,,
watch,Kung Fu Panda 3,5700,2016-03-17 00:00:00,,
watch,لا تراجع ولا استسلام,7260,2010-06-30 00:00:00,,
watch,"進撃の巨人 - Wall Sina, Goodbye 後編",1500,2018-04-09 00:00:00,,
watch,That's My Boy,6960,2012-06-14 00:00:00,,
watch,Cloudy with a Chance of Meatballs,5400,2009-09-17 00:00:00,,
watch,قلب أمه,6240,2018-06-13 00:00:00,,
watch,Transformers: Dark of the Moon,9240,2011-06-29 00:00:00,,
watch,X-Men: Days of Future Past,8940,2014-05-23 00:00:00,,
watch,John Wick: Chapter 4,10140,2023-03-24 00:00:00,,
watch,Cars 2,6360,2011-07-27 00:00:00,,
watch,The Lion King,7080,2019-07-19 00:00:00,,
watch,The Usual Suspects,6360,1995-08-16 00:00:00,,
watch,الخلية,7200,2017-08-30 00:00:00,,
watch,The Dark Knight,9120,2008-07-18 00:00:00,,
watch,Despicable Me,5700,2010-08-06 00:00:00,,
watch,Coco,6300,2018-01-19 00:00:00,,
watch,How to Train Your Dragon 2,6120,2014-08-01 00:00:00,,
watch,Captain America: Civil War,8820,2016-05-06 00:00:00,,
watch,The Godfather,10740,1972-03-24 00:00:00,,
watch,Jurassic World,7440,2015-06-12 00:00:00,,
watch,The Fast and the Furious: Tokyo Drift,6240,2006-07-14 00:00:00,,
watch,Deadpool & Wolverine,,2024-07-25 00:00:00,,
watch,Khayaal Ma'atah (خيال مآته),7500,2019-08-12 00:00:00,,
watch,Hotel Transylvania 2,7200,2015-10-23 00:00:00,,
watch,Bolbol Hayran,6720,2010-11-11 00:00:00,,
watch,Mean Girls,5820,2004-06-18 00:00:00,,
watch,Thunderbolts*: *The New Avengers,7560,2025-05-01 00:00:00,,
watch,تيمور و شفيقة,5940,2007-06-21 00:00:00,,
watch,Atlantis: The Lost Empire,5700,2001-10-19 00:00:00,,
watch,Welad El Am,7200,2009-11-14 00:00:00,,
watch,Inside Out 2,5820,2024-06-14 00:00:00,,
watch,ये जवानी है दीवानी,9600,2013-05-31 00:00:00,,
watch,Interstellar,10140,2014-11-07 00:00:00,,
watch,الهرم الرابع,5400,2016-02-03 00:00:00,,
watch,سمير وشهير وبهير,5520,2010-09-09 00:00:00,,
watch,Batman Begins,8400,2005-06-15 00:00:00,,
watch,22 Jump Street,6720,2014-08-22 00:00:00,,
watch,आशिक़ी २,7920,2013-04-26 00:00:00,,
watch,Doodlebug,180,1997-01-01 00:00:00,,
watch,Avengers: Infinity War,8940,2018-04-27 00:00:00,,
watch,Treasure Planet,5700,2002-11-26 00:00:00,,
watch,स्टूडेंट ऑफ द ईयर,8700,2012-10-19 00:00:00,,
watch,Night at the Museum: Secret of the Tomb,5820,2014-12-25 00:00:00,,
watch,Inside Out,5700,2015-06-19 00:00:00,,
watch,Just Go with It,8400,2011-03-23 00:00:00,,
watch,Grown Ups 2,6060,2013-07-12 00:00:00,,
watch,The Little Mermaid,4980,1990-12-05 00:00:00,,
watch,Cruella,8280,2021-06-03 00:00:00,,
watch,La Taragoa Wala Esteslam,,2010-08-15 00:00:00,,
watch,Ice Age: Continental Drift,5280,2012-06-16 00:00:00,,
watch,進撃の巨人 - 悔いなき選択 後編,1620,2015-04-09 00:00:00,,
watch,يانا يا خالتي!,6360,2005-06-22 00:00:00,,
watch,Free Guy,6900,2021-08-18 00:00:00,,
watch,Cinderella III: A Twist in Time,4440,2007-02-06 00:00:00,,
watch,Shrek the Third,5640,2007-06-15 00:00:00,,
watch,Shang-Chi and the Legend of the Ten Rings,7920,2021-09-03 00:00:00,,
watch,Dark Phoenix,6840,2019-06-05 00:00:00,,
watch,Fight Club,8340,1999-10-15 00:00:00,,
watch,Enola Holmes,7440,2020-09-23 00:00:00,,
watch,The Dark Knight Rises,9840,2012-07-20 00:00:00,,
watch,رغدة متوحشة,5520,2019-06-13 00:00:00,,
watch,Crazy Rich Asians,7260,2018-08-15 00:00:00,,
watch,Lady and the Tramp,4560,1955-06-22 00:00:00,,
watch,Black Swan,6480,2011-02-18 00:00:00,,
watch,The Smurfs 2,6300,2013-07-31 00:00:00,,
watch,Spider-Man: Homecoming,7980,2017-07-07 00:00:00,,
watch,Captain America: The First Avenger,7440,2011-11-29 00:00:00,,
watch,The Guardians of the Galaxy Holiday Special,2520,2022-11-25 00:00:00,,
watch,أبو علي,7200,2005-01-15 00:00:00,,
watch,أمير البحار,6600,2009-11-26 00:00:00,,
watch,Wreck-It Ralph,6060,2012-12-25 00:00:00,,
watch,Home Alone 2: Lost in New York,7200,1992-11-19 00:00:00,,
watch,Se7en,7620,1995-09-22 00:00:00,,
watch,Tangled,6000,2011-01-28 00:00:00,,
watch,Okal,7080,2004-07-07 00:00:00,,
watch,दिलवाले,9480,2015-12-18 00:00:00,,
watch,Mommy,8340,2014-10-08 00:00:00,,
watch,واحد تاني,6300,2022-05-13 00:00:00,,
watch,Smile,6900,2022-09-30 00:00:00,,
watch,Spider-Man,7260,2002-06-21 00:00:00,,
watch,Mohabbatein,12960,2000-10-27 00:00:00,,
watch,The Incredibles,6900,2004-11-26 00:00:00,,
watch,Secret of the Wings,5520,2012-08-17 00:00:00,,
watch,Iron Man 2,7440,2010-04-30 00:00:00,,
watch,Harry Potter and the Prisoner of Azkaban,8460,2004-05-31 00:00:00,,
watch,Shrek,5400,2001-04-22 00:00:00,,
watch,Ant-Man and the Wasp,7080,2018-07-04 00:00:00,,
watch,حامل اللقب,6900,2022-02-02 00:00:00,,
watch,عسل اسود,7800,2010-05-25 00:00:00,,
watch,101 Dalmatians,4740,1961-12-20 00:00:00,,
watch,The Lorax,5160,2012-03-01 00:00:00,,
watch,The Hunchback of Notre Dame,5460,1996-06-28 00:00:00,,
watch,The Smurfs,6180,2011-08-03 00:00:00,,
watch,The Jungle Book,6360,2016-04-07 00:00:00,,
watch,Puss in Boots,5400,2011-12-09 00:00:00,,
watch,एबीसीडी,9600,2013-02-07 00:00:00,,
watch,Ben 10: Secret of the Omnitrix,4260,2007-08-10 00:00:00,,
watch,Horton Hears a Who!,5280,2008-03-03 00:00:00,,
watch,Love & Other Drugs,6420,2010-12-29 00:00:00,,
watch,Cinderella,4500,1952-12-19 00:00:00,,
watch,Incredibles 2,7080,2018-08-03 00:00:00,,
watch,Ant-Man,7020,2015-07-24 00:00:00,,
watch,Toy Story 3,5880,2010-06-19 00:00:00,,
watch,Spider-Man: Far From Home,7740,2019-07-02 00:00:00,,
watch,The Hangover,6000,2009-06-05 00:00:00,,
watch,Ready Player One,8400,2018-03-29 00:00:00,,
watch,Monster House,5460,2006-07-21 00:00:00,,
watch,Ant-Man and the Wasp: Quantumania,7440,2023-02-17 00:00:00,,
watch,The Emoji Movie,5160,2017-09-28 00:00:00,,
watch,The Fantastic Four: First Steps,6960,2025-07-25 00:00:00,,
watch,Bambi,4200,1942-08-09 00:00:00,,
watch,Home Alone,6180,1990-11-16 00:00:00,,
watch,Katkout,7500,2006-08-01 00:00:00,,
watch,劇場版 進撃の巨人 前編 ～紅蓮の弓矢～,7080,2014-11-22 00:00:00,,
watch,اكس لارج,8100,2011-11-02 00:00:00,,
watch,Minions: The Rise of Gru,5280,2022-07-01 00:00:00,,
watch,The Fast and the Furious,6360,2001-09-21 00:00:00,,
watch,Harry Potter and the Deathly Hallows: Part 1,8760,2010-11-11 00:00:00,,
watch,Cast Away,8580,2001-01-26 00:00:00,,
watch,بنات العم,5940,2012-01-26 00:00:00,,
watch,Grown Ups,6120,2010-06-30 00:00:00,,
watch,Ellembi,5460,2002-10-06 00:00:00,,
watch,Red Notice,8160,2021-11-05 00:00:00,,
watch,عسكر في المعسكر,6600,2003-07-30 00:00:00,,
watch,Minions,5460,2015-06-11 00:00:00,,
watch,Lucy,5340,2014-08-22 00:00:00,,
watch,Forrest Gump,8520,1994-12-15 00:00:00,,
watch,Old,7740,2021-07-23 00:00:00,,
watch,X2,8040,2003-05-02 00:00:00,,
watch,17 Again,6120,2009-03-11 00:00:00,,
watch,على جثتي,6360,2013-02-07 00:00:00,,
watch,Toy Story,4860,1996-03-14 00:00:00,,
watch,Speed,6960,1994-06-10 00:00:00,,
watch,Jurassic Park,7620,1993-10-20 00:00:00,,
watch,Thor: Ragnarok,7800,2017-10-10 00:00:00,,
watch,The Marvels,6300,2023-11-10 00:00:00,,
watch,An Upper Egyptian in the American University,7080,1998-08-03 00:00:00,,
watch,Leroy & Stitch,4380,2007-01-17 00:00:00,,
watch,American History X,7140,1998-10-30 00:00:00,,
watch,Megamind,5820,2010-10-28 00:00:00,,
watch,Harry Potter and the Goblet of Fire,9420,2005-11-06 00:00:00,,
watch,Happy New Year,10800,2014-10-23 00:00:00,,
watch,Aladdin,5400,1992-11-25 00:00:00,,
watch,Marvel One-Shot: The Consultant,240,2011-09-13 00:00:00,,
