tv_show_name,episode_season_number,episode_number,episode_id,created_at
Game of Thrones,1,8,3360391,2022-06-28 08:45:49
Black Mirror,1,2,4201396,2022-08-25 09:05:25
Dragons,1,1,4371279,2022-05-31 21:09:10
Game of Thrones,4,1,4721938,2022-08-06 09:37:31
Rick and Morty,1,11,4743892,2022-07-19 18:36:31
Hannibal,2,9,4772306,2022-06-05 22:51:46
Hannibal,2,3,4772307,2022-06-04 18:34:53
Game of Thrones,4,2,4801602,2022-08-07 02:01:13
Hannibal,2,12,4810880,2022-06-06 09:37:11
Hannibal,3,3,5010015,2022-06-26 19:44:36
Hannibal,3,5,5010017,2022-07-06 09:50:30
Black Mirror,0,1,5057304,2022-08-28 07:04:56
Better Call Saul,2,5,5537897,2023-02-06 21:36:57
Better Call Saul,2,6,5538565,2023-02-06 22:21:22
Marvel's Luke Cage,1,1,5545823,2026-04-22 12:06:28
Game of Thrones,6,2,5579002,2022-08-12 09:04:23
Game of Thrones,6,5,5600132,2022-08-15 10:16:58
Game of Thrones,6,7,5615734,2022-08-15 10:17:36
Black Mirror,3,5,5692428,2022-08-29 08:35:55
Black Mirror,3,6,5692429,2022-08-31 08:54:41
Black Mirror,3,2,5692430,2022-08-28 09:14:39
JoJo's Bizarre Adventure (2012),3,21,5708100,2025-01-26 09:05:15
Better Call Saul,3,1,5907283,2023-02-08 10:12:27
Marvel's Iron Fist,1,6,5939619,2026-05-05 20:04:24
13 Reasons Why,1,6,5941639,2023-06-08 22:39:49
Better Call Saul,3,7,6024000,2023-02-08 20:03:02
Better Call Saul,3,9,6024003,2023-02-09 10:39:18
Black Mirror,4,3,6113563,2023-06-04 12:09:49
Game of Thrones,7,1,6185708,2022-08-16 14:05:21
Marvel's The Punisher,1,5,6286028,2026-02-14 15:02:26
Marvel's The Punisher,1,13,6286037,2026-02-16 02:32:45
Marvel's Jessica Jones,2,2,6586581,2026-05-19 22:32:08
Marvel's Jessica Jones,2,4,6586638,2026-05-20 00:28:37
13 Reasons Why,2,7,6674478,2023-06-23 06:34:54
Better Call Saul,4,6,6782557,2023-02-10 15:25:17
Marvel's Daredevil,3,9,6869205,2026-02-02 01:20:30
Marvel's Daredevil,3,12,6869212,2026-02-02 01:21:06
Kaguya-sama: Love Is War,1,9,6937087,2023-06-14 10:12:51
Fleabag,2,2,7041047,2023-06-01 15:45:41
Fleabag,2,3,7052022,2023-06-01 15:46:00
Fleabag,2,4,7052023,2023-06-01 15:46:13
Fleabag,2,5,7052024,2023-06-01 15:46:19
Game of Thrones,8,2,7121401,2022-08-18 05:00:48
Game of Thrones,8,6,7121405,2022-08-20 11:18:02
The Boys,1,1,7140390,2022-06-29 07:51:49
The Boys,1,3,7299046,2022-07-01 22:26:32
The Boys,1,7,7299050,2022-07-14 12:32:00
The Boys,1,8,7299052,2022-07-14 12:32:05
Better Call Saul,5,2,7458772,2023-02-12 07:27:30
Stranger Things,4,1,7488825,2022-06-08 21:50:08
Rick and Morty,4,6,7660319,2022-08-13 07:39:28
Rick and Morty,4,10,7687400,2022-08-13 19:12:29
The Boys,2,1,7812916,2022-07-14 12:32:16
The Boys,2,5,7812920,2022-07-14 13:54:52
WandaVision,1,2,8043108,2025-03-20 22:08:54
My Hero Academia,5,9,8159512,2022-07-21 19:20:19
Stranger Things,4,2,8314351,2022-06-08 21:49:21
Rick and Morty,5,9,8320010,2022-08-22 09:03:24
My Hero Academia,5,14,8329802,2022-07-21 19:20:30
Midnight at the Pera Palace,1,2,8408055,2022-06-19 09:26:36
What If…?,1,5,8538339,2026-03-07 02:50:24
The Boys,3,6,8932004,2022-07-16 12:12:31
The Boys,3,7,8932005,2022-07-16 20:26:49
The Boys,3,8,8932006,2022-07-17 20:24:09
Moon Knight,1,4,8950495,2022-08-31 18:45:36
Moon Knight,1,6,8950497,2022-08-31 22:38:41
Better Call Saul,6,5,8996833,2023-02-15 09:58:01
Better Call Saul,6,13,8996841,2023-02-17 20:53:51
House of the Dragon,1,9,9082154,2026-01-23 00:00:58
Rick and Morty,6,2,9303194,2022-09-19 09:02:02
Monster (2022),1,3,9333706,2023-01-26 06:57:26
Dr. STONE,3,1,9372021,2023-05-25 00:17:44
Family Matter,2,3,9505511,2025-02-15 15:45:13
Family Matter,2,11,9573666,2025-02-18 00:12:01
Most Dangerous Game,2,7,9654821,2023-03-24 13:59:57
Dr. STONE,3,8,9687335,2023-06-23 07:28:30
Dr. STONE,3,10,9687337,2024-02-12 23:57:44
Black Mirror,6,2,9785517,2026-03-27 04:46:56
Black Mirror,6,5,9785520,2026-03-29 16:29:55
Gen V,1,3,9907868,2025-06-03 00:24:55
Gen V,1,5,9907870,2025-06-03 12:25:55
Gen V,1,6,9907871,2025-06-03 12:26:14
Gen V,1,7,9907872,2025-06-03 12:26:45
Dr. STONE,3,16,9971411,2024-02-13 00:05:08
Dr. STONE,3,19,9971415,2024-02-13 06:42:15
Dr. STONE,3,20,9971416,2024-02-13 06:42:38
Rick and Morty,7,4,9986635,2024-08-07 07:55:49
One-Punch Man,3,1,10106205,2025-10-14 23:22:27
House of the Dragon,2,1,10396624,2026-01-23 00:08:18
House of the Dragon,2,2,10396629,2026-01-23 00:12:51
House of the Dragon,2,5,10396632,2026-01-23 00:18:09
Eyes of Wakanda,1,2,10769370,2026-04-06 20:01:13
Eyes of Wakanda,1,4,10769373,2026-04-06 20:06:46
Squid Game,2,2,10774412,2025-02-09 23:32:08
Squid Game,2,3,10774413,2025-02-09 23:32:25
What If…?,3,5,10797514,2026-03-16 02:49:39
Dr. STONE,4,8,10849852,2025-03-01 15:44:25
Dr. STONE,4,10,10849854,2025-03-14 11:16:57
Squid Game,2,7,10863921,2025-02-09 23:33:29
Family Matter,3,4,10869955,2025-02-18 00:13:31
Lam Shamsiyya,1,11,11000869,2025-04-03 11:07:25
Lam Shamsiyya,1,12,11000870,2025-04-03 11:07:38
Rick and Morty,8,2,11077157,2025-06-12 11:46:21
Rick and Morty,8,10,11077165,2025-09-23 09:51:39
Hekayet Narges,1,15,11498572,2026-04-07 19:24:58
Ein Sehreya,1,5,11500650,2026-02-23 20:30:53
Ein Sehreya,1,15,11500660,2026-03-04 21:11:14
Daredevil: Born Again,2,2,11580807,2026-04-05 02:12:20
Daredevil: Born Again,2,8,11580814,2026-05-06 23:20:08
